-- --------------------------------------------------------
-- Host:                         127.0.0.1
-- Server version:               10.6.18-MariaDB-ubu2004 - mariadb.org binary distribution
-- Server OS:                    debian-linux-gnu
-- HeidiSQL Version:             12.8.0.6908
-- --------------------------------------------------------

/*!40101 SET @OLD_CHARACTER_SET_CLIENT=@@CHARACTER_SET_CLIENT */;
/*!40101 SET NAMES utf8 */;
/*!50503 SET NAMES utf8mb4 */;
/*!40103 SET @OLD_TIME_ZONE=@@TIME_ZONE */;
/*!40103 SET TIME_ZONE='+00:00' */;
/*!40014 SET @OLD_FOREIGN_KEY_CHECKS=@@FOREIGN_KEY_CHECKS, FOREIGN_KEY_CHECKS=0 */;
/*!40101 SET @OLD_SQL_MODE=@@SQL_MODE, SQL_MODE='NO_AUTO_VALUE_ON_ZERO' */;
/*!40111 SET @OLD_SQL_NOTES=@@SQL_NOTES, SQL_NOTES=0 */;


-- Dumping structure for table lietsi.edges
CREATE TABLE IF NOT EXISTS `edges` (
                                       `id` bigint(20) NOT NULL,
                                       `distance` decimal(20,15) DEFAULT 0.000000000000000,
                                       `vertex1_id` bigint(20) DEFAULT NULL,
                                       `vertex2_id` bigint(20) DEFAULT NULL,
                                       PRIMARY KEY (`id`),
                                       KEY `UKqnupjk2w8u4ik96rslfae5705` (`vertex1_id`) USING BTREE,
                                       KEY `UK2kyu3sw9qtkvwkffivbu7s0tw` (`vertex2_id`) USING BTREE,
                                       CONSTRAINT `FKotpid9fxvloaw5w7dnme0eh24` FOREIGN KEY (`vertex1_id`) REFERENCES `vertices` (`id`),
                                       CONSTRAINT `FKrukpw7m8mbede38xpw5n5ec50` FOREIGN KEY (`vertex2_id`) REFERENCES `vertices` (`id`)
) ENGINE=InnoDB DEFAULT CHARSET=utf8mb4 COLLATE=utf8mb4_general_ci;

-- Dumping data for table lietsi.edges: ~289 rows (approximately)
INSERT IGNORE INTO `edges` (`id`, `distance`, `vertex1_id`, `vertex2_id`) VALUES
                                                                              (1, 7.525818152114000, 1, 6),
                                                                              (2, 5.708136334439000, 2, 3),
                                                                              (3, 22.990804816757000, 3, 6),
                                                                              (4, 5.636068540937000, 4, 5),
                                                                              (5, 21.853932352093000, 5, 6),
                                                                              (6, 6.993200230797000, 6, 7),
                                                                              (7, 17.247582346726000, 7, 8),
                                                                              (8, 18.109503496497000, 7, 28),
                                                                              (9, 7.899537955287000, 7, 29),
                                                                              (10, 13.301188957973000, 8, 9),
                                                                              (11, 12.881782515421000, 9, 10),
                                                                              (12, 7.234281388931000, 9, 72),
                                                                              (13, 7.802489762728000, 9, 73),
                                                                              (14, 14.562868187126000, 10, 11),
                                                                              (15, 6.252554811656000, 10, 75),
                                                                              (16, 5.064796420663000, 10, 77),
                                                                              (17, 6.869555531692000, 10, 78),
                                                                              (18, 12.406403230033000, 11, 12),
                                                                              (19, 6.206198711452000, 11, 82),
                                                                              (20, 13.912798458183000, 12, 13),
                                                                              (21, 6.457945401286000, 12, 47),
                                                                              (22, 9.607782145149000, 13, 14),
                                                                              (23, 13.247242187108000, 13, 46),
                                                                              (24, 3.853509657107000, 14, 15),
                                                                              (25, 12.426897450401000, 14, 46),
                                                                              (26, 12.934378272259000, 14, 86),
                                                                              (27, 7.832658425943000, 15, 16),
                                                                              (28, 11.454098914106000, 16, 17),
                                                                              (29, 19.780855565900000, 17, 18),
                                                                              (30, 16.880276365976000, 18, 19),
                                                                              (31, 10.288296481724000, 19, 20),
                                                                              (32, 9.275538980575000, 20, 21),
                                                                              (33, 5.006902378063000, 21, 22),
                                                                              (34, 8.498754952818000, 22, 23),
                                                                              (35, 17.240581121497000, 22, 44),
                                                                              (36, 13.223892054987000, 22, 183),
                                                                              (37, 14.122559271102000, 23, 24),
                                                                              (38, 16.628981719741000, 23, 44),
                                                                              (39, 11.768928014809000, 24, 25),
                                                                              (40, 5.585973396015000, 24, 144),
                                                                              (41, 13.897393739951000, 25, 26),
                                                                              (42, 5.741580224626000, 25, 180),
                                                                              (43, 13.951635604434000, 26, 27),
                                                                              (44, 6.625093951245000, 26, 172),
                                                                              (45, 4.194428411519000, 26, 174),
                                                                              (46, 5.311609545605000, 26, 175),
                                                                              (47, 13.106039065554000, 27, 28),
                                                                              (48, 6.876492289081000, 27, 169),
                                                                              (49, 7.454205349633000, 27, 170),
                                                                              (50, 13.739651190815000, 29, 30),
                                                                              (51, 12.778991897930000, 29, 43),
                                                                              (52, 10.509697487068000, 30, 31),
                                                                              (53, 9.128432738945000, 31, 32),
                                                                              (54, 9.160667924040000, 32, 33),
                                                                              (55, 8.393622768286000, 33, 34),
                                                                              (56, 8.181801257498000, 34, 35),
                                                                              (57, 6.623796401492000, 35, 36),
                                                                              (58, 6.427759143902000, 37, 38),
                                                                              (59, 9.349472459663000, 38, 39),
                                                                              (60, 7.803279080871000, 39, 40),
                                                                              (61, 8.601343763935000, 40, 41),
                                                                              (62, 11.069743316296000, 41, 42),
                                                                              (63, 10.721869083533000, 42, 43),
                                                                              (64, 12.069669413791000, 44, 45),
                                                                              (65, 11.468980556109000, 45, 46),
                                                                              (66, 3.938596431836000, 47, 48),
                                                                              (67, 4.444747788385000, 47, 85),
                                                                              (68, 4.552256973623000, 48, 49),
                                                                              (69, 5.416232216113000, 49, 50),
                                                                              (70, 8.224465987444000, 50, 51),
                                                                              (71, 4.607849959084000, 51, 52),
                                                                              (72, 3.920257842289000, 52, 53),
                                                                              (73, 2.590164994277000, 53, 54),
                                                                              (74, 4.056751373683000, 53, 55),
                                                                              (75, 2.891147828104000, 54, 55),
                                                                              (76, 2.809160641076000, 54, 112),
                                                                              (77, 3.012869480721000, 55, 56),
                                                                              (78, 3.371855813495000, 56, 57),
                                                                              (79, 4.105594736940000, 57, 58),
                                                                              (80, 3.569962292942000, 58, 59),
                                                                              (81, 2.372215755138000, 59, 60),
                                                                              (82, 3.539739519127000, 59, 61),
                                                                              (83, 2.766230838280000, 60, 61),
                                                                              (84, 2.775258353516000, 60, 106),
                                                                              (85, 3.565250848187000, 61, 62),
                                                                              (86, 3.423504935136000, 62, 63),
                                                                              (87, 3.767475164526000, 63, 64),
                                                                              (88, 2.987005557724000, 64, 65),
                                                                              (89, 3.133781344290000, 65, 66),
                                                                              (90, 3.235639535211000, 66, 67),
                                                                              (91, 7.500795140937000, 67, 68),
                                                                              (92, 7.059324079767000, 68, 69),
                                                                              (93, 6.023810218656000, 69, 70),
                                                                              (94, 5.618457312699000, 70, 71),
                                                                              (95, 4.837406927498000, 70, 72),
                                                                              (96, 5.424417997577000, 71, 72),
                                                                              (97, 3.107031527282000, 72, 73),
                                                                              (98, 5.469895334391000, 73, 74),
                                                                              (99, 5.983669633848000, 73, 75),
                                                                              (100, 5.517192328205000, 74, 75),
                                                                              (101, 5.593697224044000, 75, 76),
                                                                              (102, 4.928390155054000, 75, 77),
                                                                              (103, 5.563669996103000, 76, 77),
                                                                              (104, 3.756080145977000, 77, 78),
                                                                              (105, 5.217205815616000, 78, 79),
                                                                              (106, 5.226693344476000, 78, 80),
                                                                              (107, 5.330268966603000, 79, 80),
                                                                              (108, 5.529605154516000, 80, 81),
                                                                              (109, 5.364775449362000, 80, 82),
                                                                              (110, 5.393377811656000, 81, 82),
                                                                              (111, 3.497340665337000, 82, 83),
                                                                              (112, 3.708589412549000, 83, 84),
                                                                              (113, 4.625595655814000, 83, 85),
                                                                              (114, 4.304671426857000, 84, 85),
                                                                              (115, 5.079900456011000, 86, 87),
                                                                              (116, 4.575381891167000, 87, 88),
                                                                              (117, 4.262288020999000, 87, 118),
                                                                              (118, 11.501731098674000, 88, 89),
                                                                              (119, 6.299540077232000, 88, 117),
                                                                              (120, 8.116656149325000, 89, 90),
                                                                              (121, 5.469513647226000, 90, 91),
                                                                              (122, 4.101721502455000, 91, 92),
                                                                              (123, 3.475593929084000, 92, 93),
                                                                              (124, 3.418195528962000, 93, 94),
                                                                              (125, 3.983750724835000, 94, 95),
                                                                              (126, 3.292733921024000, 95, 96),
                                                                              (127, 3.289554825603000, 96, 97),
                                                                              (128, 2.897942109726000, 97, 98),
                                                                              (129, 4.404144377442000, 98, 99),
                                                                              (130, 3.383567093036000, 99, 100),
                                                                              (131, 3.139373360247000, 100, 101),
                                                                              (132, 6.322438364488000, 101, 102),
                                                                              (133, 7.369131161199000, 102, 103),
                                                                              (134, 3.344748711636000, 103, 104),
                                                                              (135, 3.397322716770000, 104, 105),
                                                                              (136, 2.308453714873000, 105, 106),
                                                                              (137, 3.627071453374000, 105, 107),
                                                                              (138, 2.762387996904000, 106, 107),
                                                                              (139, 3.065251120306000, 107, 108),
                                                                              (140, 3.430114324124000, 108, 109),
                                                                              (141, 3.431813511717000, 109, 110),
                                                                              (142, 3.681635321107000, 110, 111),
                                                                              (143, 2.598826032036000, 111, 112),
                                                                              (144, 3.517390749698000, 111, 113),
                                                                              (145, 2.232441893269000, 112, 113),
                                                                              (146, 3.650146459525000, 113, 114),
                                                                              (147, 3.741328681369000, 114, 115),
                                                                              (148, 4.152294659503000, 115, 116),
                                                                              (149, 4.594117102465000, 116, 117),
                                                                              (150, 3.699962236647000, 118, 119),
                                                                              (151, 4.950359799231000, 118, 143),
                                                                              (152, 8.899990667874000, 119, 120),
                                                                              (153, 8.098775171819000, 120, 121),
                                                                              (154, 3.313972528417000, 121, 122),
                                                                              (155, 4.838895163167000, 122, 123),
                                                                              (156, 2.964681151706000, 123, 124),
                                                                              (157, 2.998604021060000, 124, 125),
                                                                              (158, 4.541408985624000, 125, 126),
                                                                              (159, 6.580559282765000, 126, 127),
                                                                              (160, 5.763960041975000, 127, 128),
                                                                              (161, 3.478467473732000, 128, 129),
                                                                              (162, 5.423786897411000, 128, 136),
                                                                              (163, 2.972003743768000, 129, 130),
                                                                              (164, 6.092905322682000, 129, 135),
                                                                              (165, 6.806660801123000, 130, 131),
                                                                              (166, 8.447487190818000, 131, 132),
                                                                              (167, 3.483354330091000, 132, 133),
                                                                              (168, 4.348300606717000, 133, 134),
                                                                              (169, 3.628501204622000, 134, 135),
                                                                              (170, 4.165546862522000, 136, 137),
                                                                              (171, 3.572051841040000, 136, 138),
                                                                              (172, 4.973760610713000, 137, 138),
                                                                              (173, 3.278121747483000, 138, 139),
                                                                              (174, 6.201167842870000, 139, 140),
                                                                              (175, 4.069817027514000, 139, 141),
                                                                              (176, 6.000514540364000, 140, 141),
                                                                              (177, 5.582513010627000, 141, 142),
                                                                              (178, 6.712546753521000, 142, 143),
                                                                              (179, 3.640933770657000, 144, 145),
                                                                              (180, 4.606730647730000, 144, 182),
                                                                              (181, 3.719107304098000, 145, 146),
                                                                              (182, 5.344256745707000, 146, 147),
                                                                              (183, 7.679506391745000, 147, 148),
                                                                              (184, 4.537352075538000, 148, 149),
                                                                              (185, 3.731009110910000, 149, 150),
                                                                              (186, 2.931753292293000, 150, 151),
                                                                              (187, 3.834959830600000, 150, 152),
                                                                              (188, 2.716365331181000, 151, 152),
                                                                              (189, 3.784476955786000, 151, 209),
                                                                              (190, 3.473418554057000, 152, 153),
                                                                              (191, 3.566153926302000, 153, 154),
                                                                              (192, 3.169254677956000, 154, 155),
                                                                              (193, 3.446825428782000, 155, 156),
                                                                              (194, 3.433310608107000, 156, 157),
                                                                              (195, 2.339332652674000, 157, 158),
                                                                              (196, 3.569411077872000, 157, 159),
                                                                              (197, 2.801673623609000, 158, 159),
                                                                              (198, 3.803512067954000, 158, 202),
                                                                              (199, 3.618730313294000, 159, 160),
                                                                              (200, 3.678436273990000, 160, 161),
                                                                              (201, 2.990079733936000, 161, 162),
                                                                              (202, 3.649656245960000, 162, 163),
                                                                              (203, 3.470428259622000, 163, 164),
                                                                              (204, 6.688914473188000, 164, 165),
                                                                              (205, 5.903692282429000, 165, 166),
                                                                              (206, 5.663490483668000, 166, 167),
                                                                              (207, 5.487142673705000, 167, 168),
                                                                              (208, 5.207269168665000, 167, 169),
                                                                              (209, 5.634567848047000, 168, 169),
                                                                              (210, 3.089310840343000, 169, 170),
                                                                              (211, 5.451436065558000, 170, 171),
                                                                              (212, 5.895829409053000, 170, 172),
                                                                              (213, 5.980158819949000, 171, 172),
                                                                              (214, 5.503502517455000, 172, 173),
                                                                              (215, 5.482378059953000, 172, 174),
                                                                              (216, 5.654775089843000, 173, 174),
                                                                              (217, 3.298175954890000, 174, 175),
                                                                              (218, 5.165700035634000, 175, 176),
                                                                              (219, 5.373378829061000, 175, 177),
                                                                              (220, 5.475853090378000, 176, 177),
                                                                              (221, 5.040667788953000, 177, 178),
                                                                              (222, 4.825297892940000, 177, 179),
                                                                              (223, 5.237244180461000, 178, 179),
                                                                              (224, 3.208366379758000, 179, 180),
                                                                              (225, 4.177163743178000, 180, 181),
                                                                              (226, 5.282154684802000, 180, 182),
                                                                              (227, 4.446070730570000, 181, 182),
                                                                              (228, 7.509708142532000, 183, 184),
                                                                              (229, 6.436548925626000, 184, 185),
                                                                              (230, 6.704490095515000, 185, 186),
                                                                              (231, 2.803479235726000, 185, 215),
                                                                              (232, 7.508479739416000, 186, 187),
                                                                              (233, 5.300484680909000, 187, 188),
                                                                              (234, 4.174535053191000, 188, 189),
                                                                              (235, 3.491529617733000, 189, 190),
                                                                              (236, 3.731124180799000, 190, 191),
                                                                              (237, 3.650712291877000, 191, 192),
                                                                              (238, 3.342140352074000, 192, 193),
                                                                              (239, 3.968323953517000, 193, 194),
                                                                              (240, 3.078334925512000, 194, 195),
                                                                              (241, 3.386965075223000, 195, 196),
                                                                              (242, 3.305200525525000, 196, 197),
                                                                              (243, 3.305200639902000, 197, 198),
                                                                              (244, 6.224534995560000, 198, 199),
                                                                              (245, 6.487092563706000, 199, 200),
                                                                              (246, 3.020290746962000, 200, 201),
                                                                              (247, 2.885995025691000, 201, 202),
                                                                              (248, 3.552409927960000, 201, 203),
                                                                              (249, 2.145764643545000, 202, 203),
                                                                              (250, 3.422640725311000, 203, 204),
                                                                              (251, 3.182902873644000, 204, 205),
                                                                              (252, 4.018855106949000, 205, 206),
                                                                              (253, 3.147118887678000, 206, 207),
                                                                              (254, 3.907327196124000, 207, 208),
                                                                              (255, 2.574860805858000, 208, 209),
                                                                              (256, 3.785225507737000, 208, 210),
                                                                              (257, 2.145707366664000, 209, 210),
                                                                              (258, 2.878781693055000, 210, 211),
                                                                              (259, 3.860621654204000, 211, 212),
                                                                              (260, 4.319238444454000, 212, 213),
                                                                              (261, 4.887904143844000, 213, 214),
                                                                              (262, 4.871716041745000, 215, 216),
                                                                              (263, 5.760488290930000, 215, 239),
                                                                              (264, 7.191823121244000, 216, 217),
                                                                              (265, 4.668546744548000, 217, 218),
                                                                              (266, 3.319347095569000, 218, 219),
                                                                              (267, 3.385418652529000, 219, 220),
                                                                              (268, 3.552096052014000, 220, 221),
                                                                              (269, 5.565973955728000, 221, 222),
                                                                              (270, 10.152668347997000, 222, 223),
                                                                              (271, 4.008232839840000, 223, 224),
                                                                              (272, 4.487421782893000, 223, 231),
                                                                              (273, 2.969296841851000, 224, 225),
                                                                              (274, 7.109627452086000, 224, 230),
                                                                              (275, 7.310492428292000, 225, 226),
                                                                              (276, 7.926697525736000, 226, 227),
                                                                              (277, 4.084866353471000, 227, 228),
                                                                              (278, 3.651438384238000, 228, 229),
                                                                              (279, 3.751782127558000, 229, 230),
                                                                              (280, 3.717718430271000, 231, 232),
                                                                              (281, 3.768999632189000, 231, 233),
                                                                              (282, 3.625213464534000, 232, 233),
                                                                              (283, 3.163405489298000, 233, 234),
                                                                              (284, 5.181262068314000, 234, 235),
                                                                              (285, 3.623646800920000, 234, 236),
                                                                              (286, 6.395559281235000, 235, 236),
                                                                              (287, 4.203547585227000, 236, 237),
                                                                              (288, 5.540819579201000, 237, 238),
                                                                              (289, 6.570074498208000, 238, 239);


-- Dumping structure for table lietsi.cells
CREATE TABLE IF NOT EXISTS `cells` (
                                       `id` bigint(20) NOT NULL,
                                       PRIMARY KEY (`id`)
) ENGINE=InnoDB DEFAULT CHARSET=utf8mb4 COLLATE=utf8mb4_general_ci;

-- Dumping data for table lietsi.cells: ~256 rows (approximately)
INSERT IGNORE INTO `cells` (`id`) VALUES
                                      (1),
                                      (2),
                                      (3),
                                      (4),
                                      (5),
                                      (6),
                                      (7),
                                      (8),
                                      (9),
                                      (10),
                                      (11),
                                      (12),
                                      (13),
                                      (14),
                                      (15),
                                      (16),
                                      (17),
                                      (18),
                                      (19),
                                      (20),
                                      (21),
                                      (22),
                                      (23),
                                      (24),
                                      (25),
                                      (26),
                                      (27),
                                      (28),
                                      (29),
                                      (30),
                                      (31),
                                      (32),
                                      (33),
                                      (34),
                                      (35),
                                      (36),
                                      (37),
                                      (38),
                                      (39),
                                      (40),
                                      (41),
                                      (42),
                                      (43),
                                      (44),
                                      (45),
                                      (46),
                                      (47),
                                      (48),
                                      (49),
                                      (50),
                                      (51),
                                      (52),
                                      (53),
                                      (54),
                                      (55),
                                      (56),
                                      (57),
                                      (58),
                                      (59),
                                      (60),
                                      (61),
                                      (62),
                                      (63),
                                      (64),
                                      (65),
                                      (66),
                                      (67),
                                      (68),
                                      (69),
                                      (70),
                                      (71),
                                      (72),
                                      (73),
                                      (74),
                                      (75),
                                      (76),
                                      (77),
                                      (78),
                                      (79),
                                      (80),
                                      (81),
                                      (82),
                                      (83),
                                      (84),
                                      (85),
                                      (86),
                                      (87),
                                      (88),
                                      (89),
                                      (90),
                                      (91),
                                      (92),
                                      (93),
                                      (94),
                                      (95),
                                      (96),
                                      (97),
                                      (98),
                                      (99),
                                      (100),
                                      (101),
                                      (102),
                                      (103),
                                      (104),
                                      (105),
                                      (106),
                                      (107),
                                      (108),
                                      (109),
                                      (110),
                                      (111),
                                      (112),
                                      (113),
                                      (114),
                                      (115),
                                      (116),
                                      (117),
                                      (118),
                                      (119),
                                      (120),
                                      (121),
                                      (122),
                                      (123),
                                      (124),
                                      (125),
                                      (126),
                                      (127),
                                      (128),
                                      (129),
                                      (130),
                                      (131),
                                      (132),
                                      (133),
                                      (134),
                                      (135),
                                      (136),
                                      (137),
                                      (138),
                                      (139),
                                      (140),
                                      (141),
                                      (142),
                                      (143),
                                      (144),
                                      (145),
                                      (146),
                                      (147),
                                      (148),
                                      (149),
                                      (150),
                                      (151),
                                      (152),
                                      (153),
                                      (154),
                                      (155),
                                      (156),
                                      (157),
                                      (158),
                                      (159),
                                      (160),
                                      (161),
                                      (162),
                                      (163),
                                      (164),
                                      (165),
                                      (166),
                                      (167),
                                      (168),
                                      (169),
                                      (170),
                                      (171),
                                      (172),
                                      (173),
                                      (174),
                                      (175),
                                      (176),
                                      (177),
                                      (178),
                                      (179),
                                      (180),
                                      (181),
                                      (182),
                                      (183),
                                      (184),
                                      (185),
                                      (186),
                                      (187),
                                      (188),
                                      (189),
                                      (190),
                                      (191),
                                      (192),
                                      (193),
                                      (194),
                                      (195),
                                      (196),
                                      (197),
                                      (198),
                                      (199),
                                      (200),
                                      (201),
                                      (202),
                                      (203),
                                      (204),
                                      (205),
                                      (206),
                                      (207),
                                      (208),
                                      (209),
                                      (210),
                                      (211),
                                      (212),
                                      (213),
                                      (214),
                                      (215),
                                      (216),
                                      (217),
                                      (218),
                                      (219),
                                      (220),
                                      (221),
                                      (222),
                                      (223),
                                      (224),
                                      (225),
                                      (226),
                                      (227),
                                      (228),
                                      (229),
                                      (230),
                                      (231),
                                      (232),
                                      (233),
                                      (234),
                                      (235),
                                      (236),
                                      (237),
                                      (238),
                                      (239),
                                      (240),
                                      (241),
                                      (242),
                                      (243),
                                      (244),
                                      (245),
                                      (246),
                                      (247),
                                      (248),
                                      (249),
                                      (250),
                                      (251),
                                      (252),
                                      (253),
                                      (254),
                                      (255),
                                      (256);

-- Dumping structure for table lietsi.cell_vertices
CREATE TABLE IF NOT EXISTS `cell_vertices` (
                                               `cell_id` bigint(20) NOT NULL,
                                               `vertex_id` bigint(20) NOT NULL,
                                               PRIMARY KEY (`cell_id`,`vertex_id`),
                                               KEY `FKpo6parm5dxty4k835r3ufkky8` (`vertex_id`),
                                               CONSTRAINT `FKmasnk7lu46ra5g41ej9j7e2yd` FOREIGN KEY (`cell_id`) REFERENCES `cells` (`id`),
                                               CONSTRAINT `FKpo6parm5dxty4k835r3ufkky8` FOREIGN KEY (`vertex_id`) REFERENCES `vertices` (`id`)
) ENGINE=InnoDB DEFAULT CHARSET=utf8mb4 COLLATE=utf8mb4_general_ci;

-- Dumping data for table lietsi.cell_vertices: ~962 rows (approximately)
INSERT IGNORE INTO `cell_vertices` (`cell_id`, `vertex_id`) VALUES
                                                                (1, 224),
                                                                (1, 225),
                                                                (1, 226),
                                                                (2, 223),
                                                                (2, 224),
                                                                (2, 225),
                                                                (2, 226),
                                                                (3, 225),
                                                                (3, 226),
                                                                (3, 227),
                                                                (4, 225),
                                                                (4, 226),
                                                                (4, 227),
                                                                (5, 18),
                                                                (5, 19),
                                                                (5, 227),
                                                                (6, 18),
                                                                (6, 19),
                                                                (6, 227),
                                                                (7, 18),
                                                                (7, 19),
                                                                (7, 227),
                                                                (8, 18),
                                                                (8, 227),
                                                                (9, 18),
                                                                (9, 227),
                                                                (10, 18),
                                                                (10, 132),
                                                                (11, 18),
                                                                (11, 132),
                                                                (12, 131),
                                                                (12, 132),
                                                                (13, 130),
                                                                (13, 131),
                                                                (13, 132),
                                                                (14, 130),
                                                                (14, 131),
                                                                (15, 130),
                                                                (15, 131),
                                                                (16, 130),
                                                                (16, 131),
                                                                (17, 222),
                                                                (17, 223),
                                                                (17, 224),
                                                                (17, 225),
                                                                (18, 224),
                                                                (18, 225),
                                                                (18, 226),
                                                                (19, 225),
                                                                (19, 226),
                                                                (19, 227),
                                                                (20, 226),
                                                                (20, 227),
                                                                (21, 18),
                                                                (21, 19),
                                                                (21, 227),
                                                                (22, 18),
                                                                (22, 19),
                                                                (22, 227),
                                                                (23, 18),
                                                                (23, 19),
                                                                (23, 227),
                                                                (24, 18),
                                                                (25, 17),
                                                                (25, 18),
                                                                (26, 17),
                                                                (26, 18),
                                                                (26, 132),
                                                                (27, 17),
                                                                (27, 18),
                                                                (27, 132),
                                                                (28, 16),
                                                                (28, 17),
                                                                (28, 132),
                                                                (29, 131),
                                                                (30, 130),
                                                                (30, 131),
                                                                (31, 127),
                                                                (31, 128),
                                                                (31, 130),
                                                                (32, 127),
                                                                (32, 128),
                                                                (32, 130),
                                                                (33, 222),
                                                                (33, 223),
                                                                (33, 225),
                                                                (34, 222),
                                                                (34, 223),
                                                                (34, 224),
                                                                (34, 225),
                                                                (35, 223),
                                                                (35, 225),
                                                                (35, 226),
                                                                (35, 229),
                                                                (35, 230),
                                                                (35, 231),
                                                                (36, 223),
                                                                (36, 224),
                                                                (36, 225),
                                                                (36, 226),
                                                                (36, 227),
                                                                (36, 228),
                                                                (36, 229),
                                                                (36, 230),
                                                                (36, 231),
                                                                (37, 19),
                                                                (37, 20),
                                                                (37, 21),
                                                                (37, 227),
                                                                (37, 228),
                                                                (37, 229),
                                                                (37, 230),
                                                                (37, 232),
                                                                (37, 235),
                                                                (38, 19),
                                                                (38, 20),
                                                                (38, 227),
                                                                (38, 228),
                                                                (38, 229),
                                                                (39, 18),
                                                                (39, 19),
                                                                (39, 20),
                                                                (40, 17),
                                                                (40, 18),
                                                                (40, 19),
                                                                (41, 17),
                                                                (41, 18),
                                                                (41, 19),
                                                                (42, 16),
                                                                (42, 17),
                                                                (42, 18),
                                                                (43, 15),
                                                                (43, 16),
                                                                (43, 17),
                                                                (43, 132),
                                                                (43, 133),
                                                                (44, 15),
                                                                (44, 16),
                                                                (44, 17),
                                                                (44, 132),
                                                                (44, 133),
                                                                (44, 134),
                                                                (44, 137),
                                                                (44, 140),
                                                                (45, 128),
                                                                (45, 129),
                                                                (45, 132),
                                                                (45, 133),
                                                                (45, 134),
                                                                (45, 135),
                                                                (45, 137),
                                                                (45, 140),
                                                                (46, 126),
                                                                (46, 127),
                                                                (46, 128),
                                                                (46, 129),
                                                                (46, 130),
                                                                (46, 134),
                                                                (46, 135),
                                                                (46, 136),
                                                                (46, 137),
                                                                (47, 125),
                                                                (47, 126),
                                                                (47, 127),
                                                                (47, 128),
                                                                (47, 129),
                                                                (47, 130),
                                                                (47, 136),
                                                                (48, 125),
                                                                (48, 126),
                                                                (48, 127),
                                                                (48, 128),
                                                                (48, 129),
                                                                (48, 130),
                                                                (49, 219),
                                                                (49, 220),
                                                                (49, 221),
                                                                (49, 222),
                                                                (49, 223),
                                                                (50, 220),
                                                                (50, 221),
                                                                (50, 222),
                                                                (50, 223),
                                                                (50, 231),
                                                                (50, 232),
                                                                (50, 233),
                                                                (50, 234),
                                                                (51, 223),
                                                                (51, 224),
                                                                (51, 230),
                                                                (51, 231),
                                                                (51, 232),
                                                                (51, 233),
                                                                (51, 234),
                                                                (51, 235),
                                                                (51, 236),
                                                                (52, 229),
                                                                (52, 232),
                                                                (52, 235),
                                                                (52, 237),
                                                                (52, 238),
                                                                (53, 20),
                                                                (53, 21),
                                                                (53, 228),
                                                                (53, 229),
                                                                (53, 232),
                                                                (53, 235),
                                                                (54, 19),
                                                                (54, 20),
                                                                (54, 21),
                                                                (54, 44),
                                                                (55, 19),
                                                                (55, 20),
                                                                (55, 21),
                                                                (55, 44),
                                                                (56, 16),
                                                                (56, 17),
                                                                (56, 18),
                                                                (56, 19),
                                                                (56, 20),
                                                                (57, 16),
                                                                (57, 17),
                                                                (57, 18),
                                                                (57, 19),
                                                                (57, 20),
                                                                (58, 15),
                                                                (58, 16),
                                                                (58, 17),
                                                                (59, 14),
                                                                (59, 15),
                                                                (59, 16),
                                                                (59, 17),
                                                                (60, 15),
                                                                (60, 16),
                                                                (60, 133),
                                                                (60, 134),
                                                                (60, 137),
                                                                (60, 140),
                                                                (60, 142),
                                                                (60, 143),
                                                                (61, 134),
                                                                (61, 137),
                                                                (61, 140),
                                                                (61, 142),
                                                                (61, 143),
                                                                (62, 127),
                                                                (62, 128),
                                                                (62, 136),
                                                                (62, 137),
                                                                (62, 138),
                                                                (62, 139),
                                                                (62, 140),
                                                                (62, 141),
                                                                (63, 123),
                                                                (63, 124),
                                                                (63, 125),
                                                                (63, 126),
                                                                (63, 127),
                                                                (63, 136),
                                                                (63, 138),
                                                                (63, 139),
                                                                (64, 123),
                                                                (64, 124),
                                                                (64, 125),
                                                                (64, 126),
                                                                (65, 217),
                                                                (65, 218),
                                                                (65, 219),
                                                                (65, 220),
                                                                (65, 221),
                                                                (65, 222),
                                                                (66, 217),
                                                                (66, 218),
                                                                (66, 219),
                                                                (66, 220),
                                                                (66, 221),
                                                                (66, 234),
                                                                (66, 236),
                                                                (66, 237),
                                                                (67, 233),
                                                                (67, 234),
                                                                (67, 236),
                                                                (67, 237),
                                                                (67, 238),
                                                                (67, 239),
                                                                (68, 236),
                                                                (68, 237),
                                                                (68, 238),
                                                                (68, 239),
                                                                (69, 20),
                                                                (69, 21),
                                                                (69, 22),
                                                                (69, 183),
                                                                (69, 237),
                                                                (69, 238),
                                                                (70, 20),
                                                                (70, 21),
                                                                (70, 22),
                                                                (70, 23),
                                                                (70, 44),
                                                                (70, 183),
                                                                (70, 238),
                                                                (71, 21),
                                                                (71, 22),
                                                                (71, 23),
                                                                (71, 44),
                                                                (71, 45),
                                                                (72, 44),
                                                                (72, 45),
                                                                (72, 46),
                                                                (73, 44),
                                                                (73, 45),
                                                                (73, 46),
                                                                (74, 13),
                                                                (74, 14),
                                                                (74, 15),
                                                                (74, 46),
                                                                (75, 13),
                                                                (75, 14),
                                                                (75, 15),
                                                                (75, 46),
                                                                (75, 86),
                                                                (76, 14),
                                                                (76, 15),
                                                                (76, 86),
                                                                (76, 87),
                                                                (76, 118),
                                                                (76, 143),
                                                                (77, 86),
                                                                (77, 87),
                                                                (77, 88),
                                                                (77, 118),
                                                                (77, 119),
                                                                (77, 120),
                                                                (77, 140),
                                                                (77, 141),
                                                                (77, 142),
                                                                (77, 143),
                                                                (78, 118),
                                                                (78, 119),
                                                                (78, 120),
                                                                (78, 121),
                                                                (78, 122),
                                                                (78, 123),
                                                                (78, 139),
                                                                (78, 141),
                                                                (78, 142),
                                                                (79, 121),
                                                                (79, 122),
                                                                (79, 123),
                                                                (79, 124),
                                                                (79, 139),
                                                                (79, 141),
                                                                (79, 142),
                                                                (80, 121),
                                                                (80, 122),
                                                                (80, 123),
                                                                (80, 124),
                                                                (80, 125),
                                                                (81, 186),
                                                                (81, 187),
                                                                (81, 217),
                                                                (81, 218),
                                                                (81, 219),
                                                                (82, 185),
                                                                (82, 186),
                                                                (82, 215),
                                                                (82, 216),
                                                                (82, 217),
                                                                (82, 218),
                                                                (83, 184),
                                                                (83, 185),
                                                                (83, 186),
                                                                (83, 215),
                                                                (83, 216),
                                                                (83, 239),
                                                                (84, 22),
                                                                (84, 183),
                                                                (84, 184),
                                                                (84, 185),
                                                                (84, 214),
                                                                (85, 22),
                                                                (85, 183),
                                                                (85, 184),
                                                                (86, 21),
                                                                (86, 22),
                                                                (86, 23),
                                                                (86, 183),
                                                                (87, 22),
                                                                (87, 23),
                                                                (87, 44),
                                                                (88, 44),
                                                                (88, 45),
                                                                (89, 45),
                                                                (89, 46),
                                                                (90, 13),
                                                                (90, 14),
                                                                (90, 46),
                                                                (91, 13),
                                                                (91, 14),
                                                                (91, 15),
                                                                (91, 86),
                                                                (92, 49),
                                                                (92, 50),
                                                                (92, 86),
                                                                (92, 87),
                                                                (92, 88),
                                                                (92, 118),
                                                                (93, 50),
                                                                (93, 86),
                                                                (93, 87),
                                                                (93, 88),
                                                                (93, 118),
                                                                (94, 89),
                                                                (94, 120),
                                                                (95, 89),
                                                                (95, 90),
                                                                (95, 121),
                                                                (96, 90),
                                                                (96, 121),
                                                                (96, 122),
                                                                (97, 186),
                                                                (97, 187),
                                                                (97, 217),
                                                                (98, 185),
                                                                (98, 186),
                                                                (98, 187),
                                                                (98, 216),
                                                                (98, 217),
                                                                (99, 184),
                                                                (99, 185),
                                                                (99, 186),
                                                                (99, 212),
                                                                (99, 213),
                                                                (99, 214),
                                                                (99, 215),
                                                                (100, 147),
                                                                (100, 184),
                                                                (100, 214),
                                                                (101, 145),
                                                                (101, 146),
                                                                (101, 147),
                                                                (101, 183),
                                                                (102, 23),
                                                                (102, 24),
                                                                (102, 144),
                                                                (102, 145),
                                                                (102, 146),
                                                                (103, 37),
                                                                (103, 38),
                                                                (104, 36),
                                                                (104, 37),
                                                                (104, 45),
                                                                (105, 36),
                                                                (105, 37),
                                                                (105, 45),
                                                                (106, 35),
                                                                (106, 36),
                                                                (107, 12),
                                                                (107, 13),
                                                                (107, 47),
                                                                (107, 48),
                                                                (107, 49),
                                                                (108, 47),
                                                                (108, 48),
                                                                (108, 49),
                                                                (108, 50),
                                                                (108, 87),
                                                                (109, 49),
                                                                (109, 50),
                                                                (109, 51),
                                                                (109, 52),
                                                                (109, 87),
                                                                (109, 88),
                                                                (109, 116),
                                                                (109, 117),
                                                                (110, 51),
                                                                (110, 52),
                                                                (110, 114),
                                                                (110, 115),
                                                                (110, 116),
                                                                (110, 117),
                                                                (111, 89),
                                                                (111, 90),
                                                                (111, 91),
                                                                (111, 115),
                                                                (111, 116),
                                                                (112, 90),
                                                                (112, 91),
                                                                (112, 92),
                                                                (113, 187),
                                                                (113, 188),
                                                                (113, 189),
                                                                (113, 190),
                                                                (114, 187),
                                                                (114, 188),
                                                                (114, 189),
                                                                (114, 210),
                                                                (114, 211),
                                                                (114, 212),
                                                                (114, 213),
                                                                (115, 148),
                                                                (115, 149),
                                                                (115, 150),
                                                                (115, 210),
                                                                (115, 211),
                                                                (115, 212),
                                                                (115, 213),
                                                                (116, 148),
                                                                (116, 149),
                                                                (116, 150),
                                                                (116, 182),
                                                                (117, 144),
                                                                (117, 145),
                                                                (117, 182),
                                                                (118, 24),
                                                                (119, 38),
                                                                (119, 39),
                                                                (120, 37),
                                                                (120, 38),
                                                                (121, 35),
                                                                (121, 36),
                                                                (122, 34),
                                                                (122, 35),
                                                                (123, 12),
                                                                (124, 47),
                                                                (124, 48),
                                                                (124, 84),
                                                                (124, 85),
                                                                (125, 51),
                                                                (125, 52),
                                                                (125, 53),
                                                                (125, 84),
                                                                (126, 51),
                                                                (126, 52),
                                                                (126, 53),
                                                                (126, 113),
                                                                (126, 115),
                                                                (127, 91),
                                                                (127, 92),
                                                                (127, 93),
                                                                (127, 113),
                                                                (127, 114),
                                                                (127, 115),
                                                                (128, 91),
                                                                (128, 92),
                                                                (128, 93),
                                                                (129, 190),
                                                                (129, 191),
                                                                (129, 192),
                                                                (130, 190),
                                                                (130, 191),
                                                                (130, 208),
                                                                (130, 210),
                                                                (131, 150),
                                                                (131, 152),
                                                                (131, 153),
                                                                (131, 208),
                                                                (131, 210),
                                                                (132, 150),
                                                                (132, 152),
                                                                (132, 153),
                                                                (132, 179),
                                                                (132, 180),
                                                                (132, 181),
                                                                (133, 25),
                                                                (133, 179),
                                                                (133, 180),
                                                                (133, 181),
                                                                (133, 182),
                                                                (134, 24),
                                                                (134, 25),
                                                                (134, 180),
                                                                (134, 182),
                                                                (135, 39),
                                                                (136, 39),
                                                                (137, 34),
                                                                (138, 34),
                                                                (139, 11),
                                                                (139, 12),
                                                                (139, 82),
                                                                (139, 85),
                                                                (140, 11),
                                                                (140, 80),
                                                                (140, 81),
                                                                (140, 82),
                                                                (140, 83),
                                                                (140, 84),
                                                                (141, 53),
                                                                (141, 55),
                                                                (141, 56),
                                                                (141, 81),
                                                                (141, 82),
                                                                (141, 84),
                                                                (142, 55),
                                                                (142, 56),
                                                                (142, 57),
                                                                (142, 109),
                                                                (142, 110),
                                                                (142, 111),
                                                                (143, 94),
                                                                (143, 95),
                                                                (143, 96),
                                                                (143, 109),
                                                                (143, 110),
                                                                (143, 111),
                                                                (144, 93),
                                                                (144, 94),
                                                                (144, 95),
                                                                (144, 96),
                                                                (145, 192),
                                                                (145, 193),
                                                                (145, 194),
                                                                (146, 192),
                                                                (146, 193),
                                                                (146, 194),
                                                                (146, 205),
                                                                (146, 206),
                                                                (146, 207),
                                                                (147, 153),
                                                                (147, 154),
                                                                (147, 155),
                                                                (147, 205),
                                                                (147, 206),
                                                                (147, 207),
                                                                (148, 153),
                                                                (148, 154),
                                                                (148, 155),
                                                                (148, 176),
                                                                (148, 178),
                                                                (149, 25),
                                                                (149, 175),
                                                                (149, 176),
                                                                (149, 177),
                                                                (149, 178),
                                                                (149, 179),
                                                                (149, 180),
                                                                (150, 25),
                                                                (150, 40),
                                                                (151, 40),
                                                                (152, 40),
                                                                (153, 33),
                                                                (154, 33),
                                                                (155, 11),
                                                                (155, 33),
                                                                (156, 10),
                                                                (156, 77),
                                                                (156, 78),
                                                                (156, 79),
                                                                (156, 80),
                                                                (156, 81),
                                                                (156, 82),
                                                                (157, 57),
                                                                (157, 58),
                                                                (157, 59),
                                                                (157, 79),
                                                                (157, 81),
                                                                (158, 57),
                                                                (158, 58),
                                                                (158, 59),
                                                                (158, 107),
                                                                (158, 108),
                                                                (158, 109),
                                                                (159, 96),
                                                                (159, 97),
                                                                (159, 98),
                                                                (159, 107),
                                                                (159, 108),
                                                                (159, 109),
                                                                (160, 96),
                                                                (160, 97),
                                                                (160, 98),
                                                                (161, 195),
                                                                (161, 196),
                                                                (161, 197),
                                                                (162, 195),
                                                                (162, 196),
                                                                (162, 197),
                                                                (162, 201),
                                                                (162, 203),
                                                                (162, 204),
                                                                (163, 156),
                                                                (163, 157),
                                                                (163, 159),
                                                                (163, 201),
                                                                (163, 203),
                                                                (163, 204),
                                                                (164, 156),
                                                                (164, 157),
                                                                (164, 159),
                                                                (164, 173),
                                                                (164, 174),
                                                                (164, 176),
                                                                (165, 26),
                                                                (165, 172),
                                                                (165, 173),
                                                                (165, 174),
                                                                (165, 175),
                                                                (165, 176),
                                                                (166, 26),
                                                                (166, 41),
                                                                (167, 41),
                                                                (168, 41),
                                                                (169, 32),
                                                                (170, 32),
                                                                (171, 10),
                                                                (171, 32),
                                                                (172, 10),
                                                                (172, 74),
                                                                (172, 75),
                                                                (172, 76),
                                                                (172, 77),
                                                                (172, 78),
                                                                (173, 61),
                                                                (173, 62),
                                                                (173, 63),
                                                                (173, 76),
                                                                (174, 61),
                                                                (174, 62),
                                                                (174, 63),
                                                                (174, 103),
                                                                (174, 104),
                                                                (174, 105),
                                                                (175, 98),
                                                                (175, 99),
                                                                (175, 100),
                                                                (175, 103),
                                                                (175, 104),
                                                                (175, 105),
                                                                (176, 98),
                                                                (176, 99),
                                                                (176, 100),
                                                                (177, 197),
                                                                (177, 198),
                                                                (177, 199),
                                                                (178, 198),
                                                                (178, 199),
                                                                (178, 200),
                                                                (179, 159),
                                                                (179, 160),
                                                                (179, 161),
                                                                (179, 199),
                                                                (179, 200),
                                                                (179, 201),
                                                                (180, 159),
                                                                (180, 160),
                                                                (180, 161),
                                                                (180, 170),
                                                                (180, 171),
                                                                (181, 26),
                                                                (181, 27),
                                                                (181, 169),
                                                                (181, 170),
                                                                (181, 171),
                                                                (181, 172),
                                                                (181, 173),
                                                                (182, 27),
                                                                (182, 42),
                                                                (183, 42),
                                                                (183, 43),
                                                                (184, 29),
                                                                (184, 43),
                                                                (185, 29),
                                                                (185, 30),
                                                                (186, 30),
                                                                (186, 31),
                                                                (187, 9),
                                                                (187, 31),
                                                                (188, 9),
                                                                (188, 10),
                                                                (188, 71),
                                                                (188, 72),
                                                                (188, 73),
                                                                (188, 74),
                                                                (188, 75),
                                                                (188, 76),
                                                                (189, 63),
                                                                (189, 64),
                                                                (189, 65),
                                                                (189, 71),
                                                                (189, 72),
                                                                (189, 73),
                                                                (189, 74),
                                                                (190, 63),
                                                                (190, 64),
                                                                (190, 65),
                                                                (190, 102),
                                                                (190, 103),
                                                                (191, 101),
                                                                (191, 102),
                                                                (191, 103),
                                                                (192, 101),
                                                                (192, 102),
                                                                (193, 162),
                                                                (193, 164),
                                                                (193, 198),
                                                                (193, 199),
                                                                (194, 162),
                                                                (194, 164),
                                                                (194, 199),
                                                                (195, 162),
                                                                (195, 163),
                                                                (195, 164),
                                                                (196, 162),
                                                                (196, 163),
                                                                (196, 164),
                                                                (196, 166),
                                                                (196, 168),
                                                                (196, 169),
                                                                (197, 162),
                                                                (197, 163),
                                                                (197, 166),
                                                                (197, 167),
                                                                (197, 168),
                                                                (197, 169),
                                                                (198, 27),
                                                                (198, 28),
                                                                (198, 167),
                                                                (198, 169),
                                                                (199, 27),
                                                                (199, 28),
                                                                (200, 7),
                                                                (200, 29),
                                                                (200, 43),
                                                                (201, 7),
                                                                (201, 29),
                                                                (201, 30),
                                                                (202, 8),
                                                                (202, 30),
                                                                (203, 8),
                                                                (203, 9),
                                                                (203, 70),
                                                                (204, 69),
                                                                (204, 70),
                                                                (204, 71),
                                                                (204, 72),
                                                                (205, 66),
                                                                (205, 67),
                                                                (205, 68),
                                                                (205, 69),
                                                                (205, 71),
                                                                (206, 65),
                                                                (206, 66),
                                                                (206, 67),
                                                                (206, 68),
                                                                (207, 65),
                                                                (207, 66),
                                                                (207, 67),
                                                                (207, 102),
                                                                (208, 66),
                                                                (208, 67),
                                                                (208, 101),
                                                                (208, 102),
                                                                (209, 164),
                                                                (209, 165),
                                                                (209, 199),
                                                                (210, 164),
                                                                (210, 165),
                                                                (210, 199),
                                                                (211, 164),
                                                                (211, 165),
                                                                (212, 164),
                                                                (212, 165),
                                                                (212, 166),
                                                                (213, 165),
                                                                (213, 166),
                                                                (213, 167),
                                                                (214, 3),
                                                                (214, 28),
                                                                (214, 166),
                                                                (214, 167),
                                                                (215, 7),
                                                                (215, 28),
                                                                (215, 167),
                                                                (216, 7),
                                                                (216, 28),
                                                                (217, 7),
                                                                (217, 8),
                                                                (218, 5),
                                                                (218, 7),
                                                                (218, 8),
                                                                (219, 5),
                                                                (219, 8),
                                                                (219, 69),
                                                                (219, 70),
                                                                (220, 5),
                                                                (220, 8),
                                                                (220, 69),
                                                                (221, 67),
                                                                (221, 68),
                                                                (221, 69),
                                                                (222, 67),
                                                                (222, 68),
                                                                (223, 67),
                                                                (223, 68),
                                                                (223, 102),
                                                                (224, 67),
                                                                (224, 68),
                                                                (224, 102),
                                                                (225, 3),
                                                                (225, 164),
                                                                (225, 165),
                                                                (226, 3),
                                                                (226, 164),
                                                                (226, 165),
                                                                (227, 3),
                                                                (227, 164),
                                                                (227, 165),
                                                                (228, 3),
                                                                (228, 164),
                                                                (228, 165),
                                                                (228, 166),
                                                                (229, 2),
                                                                (229, 3),
                                                                (229, 165),
                                                                (229, 166),
                                                                (229, 167),
                                                                (230, 2),
                                                                (230, 3),
                                                                (230, 166),
                                                                (231, 6),
                                                                (232, 6),
                                                                (233, 6),
                                                                (234, 6),
                                                                (235, 4),
                                                                (235, 5),
                                                                (235, 69),
                                                                (236, 4),
                                                                (236, 5),
                                                                (236, 68),
                                                                (236, 69),
                                                                (236, 70),
                                                                (237, 5),
                                                                (237, 67),
                                                                (237, 68),
                                                                (237, 69),
                                                                (238, 5),
                                                                (238, 67),
                                                                (238, 68),
                                                                (239, 5),
                                                                (239, 67),
                                                                (239, 68),
                                                                (239, 102),
                                                                (240, 5),
                                                                (240, 67),
                                                                (240, 68),
                                                                (241, 1),
                                                                (242, 1),
                                                                (243, 1),
                                                                (244, 1),
                                                                (245, 1),
                                                                (246, 1),
                                                                (247, 1),
                                                                (248, 1),
                                                                (249, 1),
                                                                (250, 1),
                                                                (251, 1),
                                                                (252, 1),
                                                                (253, 1),
                                                                (254, 1),
                                                                (255, 1),
                                                                (256, 1);
/*!40103 SET TIME_ZONE=IFNULL(@OLD_TIME_ZONE, 'system') */;
/*!40101 SET SQL_MODE=IFNULL(@OLD_SQL_MODE, '') */;
/*!40014 SET FOREIGN_KEY_CHECKS=IFNULL(@OLD_FOREIGN_KEY_CHECKS, 1) */;
/*!40101 SET CHARACTER_SET_CLIENT=@OLD_CHARACTER_SET_CLIENT */;
/*!40111 SET SQL_NOTES=IFNULL(@OLD_SQL_NOTES, 1) */;
